H0,ombh2,omch2,omk,tau,ns,loglike
67.5,0.022,0.122,0.0,0.06,0.965,-4023.9795543954683
67.509622797455,0.02185309477587873,0.12198111768634783,0.0,0.06803276447844382,0.9659469986954016,-3992.3818827309933
67.509622797455,0.02185309477587873,0.12198111768634783,0.0,0.06803276447844382,0.9659469986954016,-3992.3818827309933
67.509622797455,0.02185309477587873,0.12198111768634783,0.0,0.06803276447844382,0.9659469986954016,-3992.3818827309933
67.509622797455,0.02185309477587873,0.12198111768634783,0.0,0.06803276447844382,0.9659469986954016,-3992.3818827309933
67.6307693896313,0.02190518099391779,0.12187813701293489,0.0,0.07210858860070656,0.9676772989803235,-3941.440238396099
67.57319197411063,0.021758975296588646,0.12181715636602329,0.0,0.08050688538692563,0.9689225848844462,-3898.417021375898
67.58483272364445,0.021844067943259004,0.12174858510330769,0.0,0.07951045140998211,0.9701395032037525,-3856.8660463885326
67.39430497034688,0.021949765473735287,0.1215856940117197,0.0,0.08613894931778644,0.9702883720168224,-3839.133972005522
67.39430497034688,0.021949765473735287,0.1215856940117197,0.0,0.08613894931778644,0.9702883720168224,-3839.133972005522
67.39430497034688,0.021949765473735287,0.1215856940117197,0.0,0.08613894931778644,0.9702883720168224,-3839.133972005522
67.38893031577041,0.022092792498967492,0.12139758631833138,0.0,0.07993615810331642,0.971192534908347,-3807.3650120440357
67.38893031577041,0.022092792498967492,0.12139758631833138,0.0,0.07993615810331642,0.971192534908347,-3807.3650120440357
67.4014529480856,0.022207863853487116,0.1213123232319129,0.0,0.07746072854838318,0.9711865131910931,-3807.392366469353
67.34008581517864,0.022117933944448644,0.1213615427778631,0.0,0.07361675040891968,0.971890141912226,-3780.0827795144082
67.34008581517864,0.022117933944448644,0.1213615427778631,0.0,0.07361675040891968,0.971890141912226,-3780.0827795144082
67.15539466417522,0.02208763629568884,0.12146670317748592,0.0,0.07428987813676606,0.9729139987772545,-3730.8658401871153
67.18860917208781,0.022145840153432936,0.12146419762743604,0.0,0.07839918808489506,0.9738303367522289,-3702.1840872956195
67.18860917208781,0.022145840153432936,0.12146419762743604,0.0,0.07839918808489506,0.9738303367522289,-3702.1840872956195
67.23047069060878,0.022084543682938135,0.12141605410761153,0.0,0.07339158686158603,0.9750689769590509,-3666.8266050280977
67.19551877015792,0.02213589971843204,0.12122811405702254,0.0,0.07341615801840982,0.9755750579210835,-3650.0768120762727
67.16919567820804,0.022154491884731432,0.12104702681483857,0.0,0.059407113058055995,0.9762983273054724,-3630.364802097138
67.16919567820804,0.022154491884731432,0.12104702681483857,0.0,0.059407113058055995,0.9762983273054724,-3630.364802097138
67.06798622535477,0.02200600961380371,0.12113713283189384,0.0,0.06757634282146494,0.9767923598148135,-3606.370815039165
67.06007528231217,0.02200717889803942,0.12131774278205056,0.0,0.06689952138249115,0.9791678257806512,-3527.9711701968185
67.06007528231217,0.02200717889803942,0.12131774278205056,0.0,0.06689952138249115,0.9791678257806512,-3527.9711701968185
66.92187680184192,0.022023969791208093,0.12117762490042336,0.0,0.06231543150601852,0.9796754875676603,-3505.4910404743455
66.88069012122818,0.02195125917299107,0.12122223517850267,0.0,0.06703083851914574,0.980473324434241,-3477.3762346947665
66.88069012122818,0.02195125917299107,0.12122223517850267,0.0,0.06703083851914574,0.980473324434241,-3477.3762346947665
66.70196187108465,0.021920624511222127,0.1212264315859412,0.0,0.0665995393049105,0.98151067580512,-3433.7953737411926
66.70196187108465,0.021920624511222127,0.1212264315859412,0.0,0.0665995393049105,0.98151067580512,-3433.7953737411926
66.62892771500948,0.02189669541524428,0.12131053712390003,0.0,0.0681837074215943,0.9820863965197667,-3410.1574360392788
66.76809659916451,0.021783885716233305,0.12134140045984496,0.0,0.06740027447110795,0.9838585363595203,-3368.1811697393696
66.76809659916451,0.021783885716233305,0.12134140045984496,0.0,0.06740027447110795,0.9838585363595203,-3368.1811697393696
66.76809659916451,0.021783885716233305,0.12134140045984496,0.0,0.06740027447110795,0.9838585363595203,-3368.1811697393696
66.76809659916451,0.021783885716233305,0.12134140045984496,0.0,0.06740027447110795,0.9838585363595203,-3368.1811697393696
66.76809659916451,0.021783885716233305,0.12134140045984496,0.0,0.06740027447110795,0.9838585363595203,-3368.1811697393696
66.71359110977994,0.021932724372661992,0.12121807516804865,0.0,0.06381195649142707,0.9839416262730155,-3362.0269735801667
66.7538080972397,0.02181497814559479,0.12121348172368507,0.0,0.06624880368531544,0.984416162291531,-3352.2670468195597
66.54293397023183,0.021755394578587012,0.12117868873248841,0.0,0.06666906412664692,0.986371170629796,-3282.167901955286
66.60240437824342,0.021758441586745225,0.12125863364612718,0.0,0.06620331707834091,0.9878898359261503,-3241.0989870679164
66.69339917725182,0.02167791553182839,0.1212155931508332,0.0,0.06889143100087589,0.9915097519422987,-3146.313611477032
66.659394318233,0.021595808692267203,0.12139112727218436,0.0,0.06978723780921048,0.9925745444486085,-3113.3731808053794
66.70384101524708,0.021609082900721818,0.1212795642647896,0.0,0.06940229689647795,0.9931377498911612,-3102.1870314197195
66.70384101524708,0.021609082900721818,0.1212795642647896,0.0,0.06940229689647795,0.9931377498911612,-3102.1870314197195
66.63617458276573,0.02166144034460017,0.12144453941663956,0.0,0.07374591674312685,0.9948595146675313,-3047.523913468795
66.47225042571819,0.021801211059259723,0.12127836889395514,0.0,0.08184943100023197,0.9965370220240913,-2992.7714249572127
66.26455314094741,0.02192769781007434,0.12118015698428039,0.0,0.07887585299361537,0.9984787471901239,-2928.271779946824
66.26455314094741,0.02192769781007434,0.12118015698428039,0.0,0.07887585299361537,0.9984787471901239,-2928.271779946824
66.16059450035293,0.022018703743677596,0.12125631464374462,0.0,0.07901349063374347,0.9983827243016931,-2921.9793850100614
66.06887720598108,0.02211699922988546,0.12117168214011086,0.0,0.08240754867633215,0.9982626603245155,-2919.3118696637925
66.06887720598108,0.02211699922988546,0.12117168214011086,0.0,0.08240754867633215,0.9982626603245155,-2919.3118696637925
66.06887720598108,0.02211699922988546,0.12117168214011086,0.0,0.08240754867633215,0.9982626603245155,-2919.3118696637925
66.10673201249598,0.0220255970766402,0.12121188317545308,0.0,0.07246179783943574,0.9988923761759088,-2906.1832734095788
65.86253289020956,0.022075517012849776,0.12127583359197389,0.0,0.07081941701348292,0.9987619318624391,-2893.4793778353173
65.86253289020956,0.022075517012849776,0.12127583359197389,0.0,0.07081941701348292,0.9987619318624391,-2893.4793778353173
65.86253289020956,0.022075517012849776,0.12127583359197389,0.0,0.07081941701348292,0.9987619318624391,-2893.4793778353173
65.71557696314522,0.021957331700160964,0.12126484384547268,0.0,0.07852788038880679,0.998825061864537,-2884.629313223384
65.74401852576918,0.02201915347378738,0.12126776141914827,0.0,0.07548741694899623,0.9999190665795444,-2857.503094747317
65.64092345839505,0.022128190900390577,0.12125730582003406,0.0,0.07376729922598652,0.9996993718315381,-2855.5099264262553
65.73433964427886,0.02212990245360002,0.12126153572896882,0.0,0.06528606539107298,1.0010609809374356,-2827.882711960259
65.91406674336713,0.022329811506942628,0.12125223698329039,0.0,0.05761601060252208,1.0029584016439774,-2790.6966765467564
65.98350842641273,0.022359191230542707,0.12127318965938456,0.0,0.05253398694044791,1.0035365747963039,-2781.9787834646995
65.98350842641273,0.022359191230542707,0.12127318965938456,0.0,0.05253398694044791,1.0035365747963039,-2781.9787834646995
65.98350842641273,0.022359191230542707,0.12127318965938456,0.0,0.05253398694044791,1.0035365747963039,-2781.9787834646995
65.93117625047866,0.022388944670766905,0.12124338020430647,0.0,0.04674024352178313,1.0047291692273714,-2752.9691627979314
65.81093676346936,0.022425851220280055,0.12134871186390797,0.0,0.05026888637076366,1.0045371227927327,-2746.8955715530615
65.81093676346936,0.022425851220280055,0.12134871186390797,0.0,0.05026888637076366,1.0045371227927327,-2746.8955715530615
65.83230885431614,0.022499381122219848,0.1214140000815952,0.0,0.048851599551757274,1.0059298651960582,-2713.4191427728974
66.0165309456253,0.022533767586030574,0.12138444609462676,0.0,0.051056249593361386,1.006604118155187,-2706.308365874876
66.07652466318487,0.02251705100352922,0.12138324872917199,0.0,0.0440767641032602,1.007124459328302,-2701.5862384791158
66.07652466318487,0.02251705100352922,0.12138324872917199,0.0,0.0440767641032602,1.007124459328302,-2701.5862384791158
66.07652466318487,0.02251705100352922,0.12138324872917199,0.0,0.0440767641032602,1.007124459328302,-2701.5862384791158
66.07652466318487,0.02251705100352922,0.12138324872917199,0.0,0.0440767641032602,1.007124459328302,-2701.5862384791158
66.07652466318487,0.02251705100352922,0.12138324872917199,0.0,0.0440767641032602,1.007124459328302,-2701.5862384791158
66.07652466318487,0.02251705100352922,0.12138324872917199,0.0,0.0440767641032602,1.007124459328302,-2701.5862384791158
66.07652466318487,0.02251705100352922,0.12138324872917199,0.0,0.0440767641032602,1.007124459328302,-2701.5862384791158
65.99539306217326,0.022448379556669576,0.12118997117828309,0.0,0.04073814168438773,1.0079551109672749,-2683.048304369884
65.99539306217326,0.022448379556669576,0.12118997117828309,0.0,0.04073814168438773,1.0079551109672749,-2683.048304369884
65.92101395739391,0.022478023206973837,0.12108268682599362,0.0,0.03230471517574818,1.0089854804975598,-2662.9598849421654
65.82578439857652,0.02253842342842046,0.12098814607636821,0.0,0.028657857937433657,1.0092742024721615,-2655.330448127124
65.8605782929212,0.02254925662811797,0.12096653226355368,0.0,0.03515773698231542,1.0102886680928227,-2626.842086443377
65.8605782929212,0.02254925662811797,0.12096653226355368,0.0,0.03515773698231542,1.0102886680928227,-2626.842086443377
65.7592152138724,0.0225644530228038,0.12105378760618829,0.0,0.032728198777042264,1.0106806047174672,-2613.3978069052523
65.7592152138724,0.0225644530228038,0.12105378760618829,0.0,0.032728198777042264,1.0106806047174672,-2613.3978069052523
65.7592152138724,0.0225644530228038,0.12105378760618829,0.0,0.032728198777042264,1.0106806047174672,-2613.3978069052523
65.3800407186906,0.022597738687284347,0.1211573695490501,0.0,0.037526600843095,1.010224388265914,-2597.3279089491707
65.42149515725114,0.022507744748354642,0.12115866187517697,0.0,0.03978925974693841,1.0112636197058062,-2575.044035082407
65.49123201664753,0.022538150875423588,0.12118011464610408,0.0,0.04755362190879849,1.0115164319207886,-2567.077199416985
65.37561305910381,0.022594571080761797,0.12133005415488204,0.0,0.0559203272474039,1.0111020225529515,-2563.513393078364
65.37561305910381,0.022594571080761797,0.12133005415488204,0.0,0.0559203272474039,1.0111020225529515,-2563.513393078364
65.37561305910381,0.022594571080761797,0.12133005415488204,0.0,0.0559203272474039,1.0111020225529515,-2563.513393078364
65.4276804447598,0.022767203234428202,0.12137506200507901,0.0,0.06064492995695812,1.012854143590204,-2522.3889654835634
65.49450567422267,0.02277737676984222,0.12148680727000345,0.0,0.06697770365196372,1.0133832703185763,-2511.338524086367
65.49450567422267,0.02277737676984222,0.12148680727000345,0.0,0.06697770365196372,1.0133832703185763,-2511.338524086367
65.47424275578729,0.022652516405409714,0.12131804548783658,0.0,0.05954206578803526,1.014253900673188,-2496.3787939880344
65.47424275578729,0.022652516405409714,0.12131804548783658,0.0,0.05954206578803526,1.014253900673188,-2496.3787939880344
65.47424275578729,0.022652516405409714,0.12131804548783658,0.0,0.05954206578803526,1.014253900673188,-2496.3787939880344
65.60145590339279,0.022511107818615747,0.12134066817327263,0.0,0.06270940847866291,1.0153831920784488,-2478.829874782694
65.60145590339279,0.022511107818615747,0.12134066817327263,0.0,0.06270940847866291,1.0153831920784488,-2478.829874782694
65.60145590339279,0.022511107818615747,0.12134066817327263,0.0,0.06270940847866291,1.0153831920784488,-2478.829874782694
65.60145590339279,0.022511107818615747,0.12134066817327263,0.0,0.06270940847866291,1.0153831920784488,-2478.829874782694
65.60145590339279,0.022511107818615747,0.12134066817327263,0.0,0.06270940847866291,1.0153831920784488,-2478.829874782694
65.43056218434849,0.022520385409939628,0.12170976201009233,0.0,0.064480443182851,1.0166941744326614,-2436.6114824866963
65.46362071821639,0.02249264644762006,0.12167804270511222,0.0,0.06708899586184462,1.0171190126217948,-2429.333580831877
65.46362071821639,0.02249264644762006,0.12167804270511222,0.0,0.06708899586184462,1.0171190126217948,-2429.333580831877
65.46362071821639,0.02249264644762006,0.12167804270511222,0.0,0.06708899586184462,1.0171190126217948,-2429.333580831877
65.38317395430283,0.022558321943576085,0.1219257200937278,0.0,0.07710436468641951,1.0173536671188173,-2415.574291247398
65.38317395430283,0.022558321943576085,0.1219257200937278,0.0,0.07710436468641951,1.0173536671188173,-2415.574291247398
65.38317395430283,0.022558321943576085,0.1219257200937278,0.0,0.07710436468641951,1.0173536671188173,-2415.574291247398
65.38317395430283,0.022558321943576085,0.1219257200937278,0.0,0.07710436468641951,1.0173536671188173,-2415.574291247398
65.43834932324826,0.022545116051427165,0.12193068770769593,0.0,0.08744321270675919,1.0176175397998803,-2413.3866151811426
65.43834932324826,0.022545116051427165,0.12193068770769593,0.0,0.08744321270675919,1.0176175397998803,-2413.3866151811426
65.43834932324826,0.022545116051427165,0.12193068770769593,0.0,0.08744321270675919,1.0176175397998803,-2413.3866151811426
65.43834932324826,0.022545116051427165,0.12193068770769593,0.0,0.08744321270675919,1.0176175397998803,-2413.3866151811426
65.52716402952441,0.022711627336917697,0.12183236753851018,0.0,0.09165021532843198,1.0183989857720581,-2400.895410463949
65.32226231530505,0.02278759183382635,0.12185284089905402,0.0,0.0951565461959161,1.0186690829654337,-2384.128623214115
65.32226231530505,0.02278759183382635,0.12185284089905402,0.0,0.0951565461959161,1.0186690829654337,-2384.128623214115
65.222205131321,0.0229644835761263,0.1219512458815361,0.0,0.09704984958948684,1.0187541097474837,-2374.465648001498
65.222205131321,0.0229644835761263,0.1219512458815361,0.0,0.09704984958948684,1.0187541097474837,-2374.465648001498
65.21847955578808,0.02288360243388644,0.12188023064876048,0.0,0.09652543444074743,1.0187593153791512,-2375.8175718995685
65.21847955578808,0.02288360243388644,0.12188023064876048,0.0,0.09652543444074743,1.0187593153791512,-2375.8175718995685
65.18821602448376,0.02303997590675942,0.12203172499090495,0.0,0.09559319036759123,1.0202194457225118,-2340.044098274119
65.1495475439036,0.023029290052767024,0.12195487803853983,0.0,0.0962673836833204,1.0216865045356245,-2308.9332713670115
65.1495475439036,0.023029290052767024,0.12195487803853983,0.0,0.0962673836833204,1.0216865045356245,-2308.9332713670115
65.1495475439036,0.023029290052767024,0.12195487803853983,0.0,0.0962673836833204,1.0216865045356245,-2308.9332713670115
65.1495475439036,0.023029290052767024,0.12195487803853983,0.0,0.0962673836833204,1.0216865045356245,-2308.9332713670115
65.21521690923542,0.023091689883224232,0.12206239785465979,0.0,0.0893055483632129,1.0235536745392213,-2271.2718993178087
65.21521690923542,0.023091689883224232,0.12206239785465979,0.0,0.0893055483632129,1.0235536745392213,-2271.2718993178087
65.14827451194812,0.023134714350869813,0.12223154527941892,0.0,0.0866052720509005,1.024810128979567,-2240.4066902128898
65.16900663638133,0.023084449014646576,0.12211989406158086,0.0,0.09550582690345494,1.0260243215863942,-2220.3611665488697
65.07190506052953,0.023126724119242197,0.12212521025573957,0.0,0.09897555250360009,1.0262933665083367,-2210.618986123266
65.03833586901212,0.02310982765910555,0.12220492154281623,0.0,0.09864862321584131,1.0265604331205629,-2203.1261363346252
65.05100034238318,0.02294455768927602,0.1222016885364469,0.0,0.10379381577424796,1.0273467324336216,-2191.5559993667907
65.0451904700028,0.023060982624247137,0.12225164230506048,0.0,0.11028371347647198,1.0282575127861957,-2173.7924595772447
65.07342531724302,0.02315839182949169,0.12224598846865418,0.0,0.11372929612680242,1.0299592859970153,-2142.749936553748
65.25200683691655,0.02333403273402754,0.12220779091055038,0.0,0.1126559689989735,1.0318313920299793,-2113.847069402976
65.25200683691655,0.02333403273402754,0.12220779091055038,0.0,0.1126559689989735,1.0318313920299793,-2113.847069402976
65.25200683691655,0.02333403273402754,0.12220779091055038,0.0,0.1126559689989735,1.0318313920299793,-2113.847069402976
65.25200683691655,0.02333403273402754,0.12220779091055038,0.0,0.1126559689989735,1.0318313920299793,-2113.847069402976
65.25200683691655,0.02333403273402754,0.12220779091055038,0.0,0.1126559689989735,1.0318313920299793,-2113.847069402976
65.39319418043023,0.023216566681749318,0.12206696289430434,0.0,0.1097564484617378,1.032172270603387,-2115.6452945327055
65.52993295582117,0.023148876965363194,0.12199938455677439,0.0,0.1157905856702152,1.032694703651469,-2115.725236167247
65.60314365917247,0.023078548553024304,0.12220269480915187,0.0,0.12423046850706286,1.033005915443478,-2115.4742305954746
65.60314365917247,0.023078548553024304,0.12220269480915187,0.0,0.12423046850706286,1.033005915443478,-2115.4742305954746
65.80403319732787,0.02293940626246486,0.12204133523245773,0.0,0.11683464659578072,1.0346171313465917,-2094.9089593361764
65.62977017625096,0.02282051239850308,0.12213255377259434,0.0,0.12031297097381574,1.0347569159633587,-2086.0703517873158
65.62977017625096,0.02282051239850308,0.12213255377259434,0.0,0.12031297097381574,1.0347569159633587,-2086.0703517873158
65.63628685885061,0.022687876949113287,0.12208291639874534,0.0,0.11816522237785548,1.0370483711725125,-2045.528899461529
65.63628685885061,0.022687876949113287,0.12208291639874534,0.0,0.11816522237785548,1.0370483711725125,-2045.528899461529
65.60091266249702,0.02270309218978924,0.12205925314835395,0.0,0.11870911085560171,1.0378467759511298,-2029.7872446746492
65.46058673752083,0.022780802828845325,0.12220239438071748,0.0,0.1271207704215417,1.0386144897580587,-2011.007201168517
65.46058673752083,0.022780802828845325,0.12220239438071748,0.0,0.1271207704215417,1.0386144897580587,-2011.007201168517
65.25305909619813,0.02279193267093848,0.12220938142972215,0.0,0.12584881642910964,1.0386528229361691,-2000.5117207962712
65.25305909619813,0.02279193267093848,0.12220938142972215,0.0,0.12584881642910964,1.0386528229361691,-2000.5117207962712
65.41219810958269,0.02283332183989303,0.12204577005258539,0.0,0.11993036405475503,1.0393699340765183,-1993.4931747443432
65.48522500296862,0.022755139795218513,0.12207746366295448,0.0,0.11439693117686126,1.0400651650645025,-1983.078278380557
65.48522500296862,0.022755139795218513,0.12207746366295448,0.0,0.11439693117686126,1.0400651650645025,-1983.078278380557
65.47125338282343,0.02278537384171175,0.12208508418265764,0.0,0.11721907542957008,1.0411625785556795,-1963.9448346928107
65.38902777841368,0.02268965872114358,0.12226695866170513,0.0,0.12408986350621176,1.041841748859863,-1950.5004859442597
65.3984310808419,0.022755189391207815,0.12242176011554724,0.0,0.12277528117745339,1.042243966193602,-1941.4723237714582
65.45388742451308,0.022832693961834384,0.12247403600294543,0.0,0.12123369454387066,1.042592918902978,-1936.0965346693263
65.56468638354394,0.02294517568746407,0.12250250436535522,0.0,0.12704267889438542,1.0432259419771777,-1930.944204663951
65.46022858246131,0.023041948456451793,0.12243036493686799,0.0,0.12877480037068875,1.0431543798573482,-1928.1037896011562
65.46022858246131,0.023041948456451793,0.12243036493686799,0.0,0.12877480037068875,1.0431543798573482,-1928.1037896011562
65.46022858246131,0.023041948456451793,0.12243036493686799,0.0,0.12877480037068875,1.0431543798573482,-1928.1037896011562
65.48181870176437,0.023060802366042316,0.12232584887514145,0.0,0.1315319155221432,1.0433466421222308,-1927.532449225892
65.48181870176437,0.023060802366042316,0.12232584887514145,0.0,0.1315319155221432,1.0433466421222308,-1927.532449225892
65.48190358085823,0.022947899249174744,0.1223084695242084,0.0,0.12437088072819649,1.0436166427231783,-1921.2055665353835
65.48190358085823,0.022947899249174744,0.1223084695242084,0.0,0.12437088072819649,1.0436166427231783,-1921.2055665353835
65.46026877279172,0.022995064635827105,0.12224012767222615,0.0,0.12195166046446476,1.0437723499761724,-1916.9649151584526
65.57349638505613,0.023111198948508577,0.1221497571989032,0.0,0.12010732283564732,1.0445415079621438,-1907.7624409227085
65.5853818607911,0.023270798242411267,0.12204141135150917,0.0,0.11573115213985008,1.0444599866937092,-1907.5860987367137
65.5853818607911,0.023270798242411267,0.12204141135150917,0.0,0.11573115213985008,1.0444599866937092,-1907.5860987367137
65.5853818607911,0.023270798242411267,0.12204141135150917,0.0,0.11573115213985008,1.0444599866937092,-1907.5860987367137
65.5853818607911,0.023270798242411267,0.12204141135150917,0.0,0.11573115213985008,1.0444599866937092,-1907.5860987367137
65.60705095635845,0.023137988767956322,0.1219617119276585,0.0,0.10527889555551488,1.0448953487675838,-1900.1629218645662
65.60705095635845,0.023137988767956322,0.1219617119276585,0.0,0.10527889555551488,1.0448953487675838,-1900.1629218645662
65.5594717960262,0.02329161003705053,0.12186713814569967,0.0,0.10423259784905527,1.0457121548388555,-1883.516246506556
65.5594717960262,0.02329161003705053,0.12186713814569967,0.0,0.10423259784905527,1.0457121548388555,-1883.516246506556
65.62690048888147,0.02321272310476931,0.12192350815390963,0.0,0.10328559006210697,1.0459813682176737,-1881.9282585879125
65.62690048888147,0.02321272310476931,0.12192350815390963,0.0,0.10328559006210697,1.0459813682176737,-1881.9282585879125
65.81856233507274,0.023173749476034594,0.12195705092368576,0.0,0.094246082658845,1.0468634254651448,-1873.984599841912
65.90610949703574,0.023156654881167704,0.12183207162807214,0.0,0.09332392953354489,1.0489213976757268,-1845.0112215021556
65.90610949703574,0.023156654881167704,0.12183207162807214,0.0,0.09332392953354489,1.0489213976757268,-1845.0112215021556
65.90610949703574,0.023156654881167704,0.12183207162807214,0.0,0.09332392953354489,1.0489213976757268,-1845.0112215021556
65.89907434196911,0.023131339534251363,0.12182125775415278,0.0,0.09312203697645487,1.0500735709305327,-1826.388906245595
65.89907434196911,0.023131339534251363,0.12182125775415278,0.0,0.09312203697645487,1.0500735709305327,-1826.388906245595
65.96264286588556,0.02308078129742362,0.12165491136073626,0.0,0.09826079194333918,1.0505910939225562,-1823.2746379402772
65.93941442463004,0.02296607838752896,0.12163296368349916,0.0,0.09486049927586428,1.051925853611026,-1801.7289346946668
65.79159110163414,0.022962100733153485,0.1216582036795454,0.0,0.09146489630396298,1.0517662388916442,-1797.7022411820492
65.79159110163414,0.022962100733153485,0.1216582036795454,0.0,0.09146489630396298,1.0517662388916442,-1797.7022411820492
65.79159110163414,0.022962100733153485,0.1216582036795454,0.0,0.09146489630396298,1.0517662388916442,-1797.7022411820492
65.79159110163414,0.022962100733153485,0.1216582036795454,0.0,0.09146489630396298,1.0517662388916442,-1797.7022411820492
65.79159110163414,0.022962100733153485,0.1216582036795454,0.0,0.09146489630396298,1.0517662388916442,-1797.7022411820492
65.8253424377035,0.022985932301857654,0.12143394028422737,0.0,0.09919412273544456,1.052707009492911,-1786.908980907278
65.8253424377035,0.022985932301857654,0.12143394028422737,0.0,0.09919412273544456,1.052707009492911,-1786.908980907278
65.8253424377035,0.022985932301857654,0.12143394028422737,0.0,0.09919412273544456,1.052707009492911,-1786.908980907278
65.8253424377035,0.022985932301857654,0.12143394028422737,0.0,0.09919412273544456,1.052707009492911,-1786.908980907278
65.9557697556047,0.023062824843322293,0.12150266592120043,0.0,0.09945655018402191,1.0530737151297047,-1785.1942912794814
65.9557697556047,0.023062824843322293,0.12150266592120043,0.0,0.09945655018402191,1.0530737151297047,-1785.1942912794814
65.9557697556047,0.023062824843322293,0.12150266592120043,0.0,0.09945655018402191,1.0530737151297047,-1785.1942912794814
65.9557697556047,0.023062824843322293,0.12150266592120043,0.0,0.09945655018402191,1.0530737151297047,-1785.1942912794814
65.98646890380867,0.023028716111502843,0.12165815808117342,0.0,0.10392646401883705,1.0534213379435124,-1780.9192898856938
65.95316382737127,0.02297742348086462,0.12170145337279877,0.0,0.0960116413988476,1.0547416182224563,-1757.6842341706954
65.95316382737127,0.02297742348086462,0.12170145337279877,0.0,0.0960116413988476,1.0547416182224563,-1757.6842341706954
66.10445305450426,0.022969653811823698,0.12169666151240788,0.0,0.10000844819563566,1.0555918569743805,-1751.3713660870305
66.10445305450426,0.022969653811823698,0.12169666151240788,0.0,0.10000844819563566,1.0555918569743805,-1751.3713660870305
65.9465900982152,0.022843051152875007,0.12170617838308306,0.0,0.09384463325245611,1.0554198543901183,-1747.8567079272445
65.9465900982152,0.022843051152875007,0.12170617838308306,0.0,0.09384463325245611,1.0554198543901183,-1747.8567079272445
65.9147219807569,0.02282166804296229,0.12176603496505267,0.0,0.0958230331775707,1.055421809408551,-1746.534290964943
65.9147219807569,0.02282166804296229,0.12176603496505267,0.0,0.0958230331775707,1.055421809408551,-1746.534290964943
65.89644405009308,0.022766266802945048,0.12183317425588387,0.0,0.09708968149688417,1.0566945239948498,-1726.5081984489782
65.78079307617534,0.022777233043415702,0.12189537379157304,0.0,0.11118245707556049,1.0568663243204808,-1721.6515378462925
65.84136740512535,0.022692403210899614,0.12189723587113366,0.0,0.10834329432707131,1.0576023094286935,-1712.9480765764793
65.84136740512535,0.022692403210899614,0.12189723587113366,0.0,0.10834329432707131,1.0576023094286935,-1712.9480765764793
65.71997324361371,0.022683679813137465,0.12196813151527537,0.0,0.1015432082456338,1.0586852327184209,-1690.1328421425223
65.71997324361371,0.022683679813137465,0.12196813151527537,0.0,0.1015432082456338,1.0586852327184209,-1690.1328421425223
65.56304909061454,0.022733735991803127,0.12194545198728023,0.0,0.10117858233122651,1.0592377135596558,-1675.4341108652875
65.50520070900093,0.02262934435981443,0.1219557747877293,0.0,0.09622701482316295,1.0594593477088865,-1669.9843329256817
65.50520070900093,0.02262934435981443,0.1219557747877293,0.0,0.09622701482316295,1.0594593477088865,-1669.9843329256817
65.50520070900093,0.02262934435981443,0.1219557747877293,0.0,0.09622701482316295,1.0594593477088865,-1669.9843329256817
65.50520070900093,0.02262934435981443,0.1219557747877293,0.0,0.09622701482316295,1.0594593477088865,-1669.9843329256817
65.66451582580868,0.02254900685331742,0.12206041085337077,0.0,0.09442280140967386,1.0606177645208805,-1658.8690665294102
65.66451582580868,0.02254900685331742,0.12206041085337077,0.0,0.09442280140967386,1.0606177645208805,-1658.8690665294102
65.71818930644456,0.022568174389075518,0.12193112184067179,0.0,0.09211178096866823,1.061100144032345,-1654.4053951334938
65.68509183721496,0.022463467727274287,0.12214294593098152,0.0,0.09098037335488465,1.0610652604001105,-1652.860405623825
65.6744527952746,0.022698377528196062,0.1220860580056177,0.0,0.09042827145372413,1.0629107267836402,-1624.2697420656646
65.64063062732028,0.022773793458866824,0.12211847599757097,0.0,0.08546621313805795,1.0638458632471948,-1608.4241164496889
65.52573639757406,0.02304309753476005,0.12226136966128097,0.0,0.0927414011829686,1.0650768413252192,-1584.2006438284038
65.30880000482483,0.023173713141908227,0.12209465879553291,0.0,0.09553593211709122,1.0651517257725154,-1575.7172116333468
65.32648150928715,0.023238881675107233,0.12216516051951672,0.0,0.09116333506056463,1.0651397021248774,-1575.0737885547471
65.32648150928715,0.023238881675107233,0.12216516051951672,0.0,0.09116333506056463,1.0651397021248774,-1575.0737885547471
65.32648150928715,0.023238881675107233,0.12216516051951672,0.0,0.09116333506056463,1.0651397021248774,-1575.0737885547471
65.30105804184456,0.023142020777819013,0.12227935633184184,0.0,0.09573187875098957,1.0652106116706868,-1573.5853813055526
65.30105804184456,0.023142020777819013,0.12227935633184184,0.0,0.09573187875098957,1.0652106116706868,-1573.5853813055526
65.30105804184456,0.023142020777819013,0.12227935633184184,0.0,0.09573187875098957,1.0652106116706868,-1573.5853813055526
65.23085617309205,0.023121061383037916,0.12225189797256186,0.0,0.10103287755549324,1.067159695129095,-1545.3687754374062
65.23085617309205,0.023121061383037916,0.12225189797256186,0.0,0.10103287755549324,1.067159695129095,-1545.3687754374062
65.10227809674679,0.023233483479331133,0.12217814955542379,0.0,0.10181221595597542,1.0691154710715336,-1514.196942708721
65.04055741413222,0.02340381660346087,0.12206044179048336,0.0,0.09525536142776929,1.0696471899247886,-1503.6094098114786
65.04055741413222,0.02340381660346087,0.12206044179048336,0.0,0.09525536142776929,1.0696471899247886,-1503.6094098114786
64.97952598974052,0.023440756751525287,0.12207220333613278,0.0,0.10476734199437357,1.0696013085349003,-1503.043923282447
64.97952598974052,0.023440756751525287,0.12207220333613278,0.0,0.10476734199437357,1.0696013085349003,-1503.043923282447
65.00741562257683,0.02356109145521407,0.12205550388601785,0.0,0.10788920192956317,1.0701547352385123,-1496.5340998714498
65.00741562257683,0.02356109145521407,0.12205550388601785,0.0,0.10788920192956317,1.0701547352385123,-1496.5340998714498
65.07094341341961,0.023495567726213935,0.12208903987595089,0.0,0.1062725324518234,1.0703187550091429,-1496.5745147995212
65.07094341341961,0.023495567726213935,0.12208903987595089,0.0,0.1062725324518234,1.0703187550091429,-1496.5745147995212
65.07094341341961,0.023495567726213935,0.12208903987595089,0.0,0.1062725324518234,1.0703187550091429,-1496.5745147995212
64.98652207699155,0.02351664478891702,0.12222135295858262,0.0,0.10179690097069949,1.0710821384555032,-1481.744275672869
64.98652207699155,0.02351664478891702,0.12222135295858262,0.0,0.10179690097069949,1.0710821384555032,-1481.744275672869
65.16893683579205,0.023240941202074893,0.12237698302685215,0.0,0.09583934172623812,1.07194105881887,-1477.077885641412
65.16893683579205,0.023240941202074893,0.12237698302685215,0.0,0.09583934172623812,1.07194105881887,-1477.077885641412
65.13401700554157,0.02290321488876348,0.12239501484578247,0.0,0.09926775445175649,1.0725199650468278,-1471.16200923603
65.32721160193982,0.022902680386313195,0.12238494339289081,0.0,0.09408480619754898,1.0732260391161703,-1468.1210431391903
65.32739105988703,0.023005897497895115,0.1223605275439662,0.0,0.09626916778816627,1.0751857474381192,-1442.649871679282
65.25708096094692,0.022950353111475787,0.12239483795015262,0.0,0.09120505138315056,1.0756569836833352,-1434.0312800513711
65.25708096094692,0.022950353111475787,0.12239483795015262,0.0,0.09120505138315056,1.0756569836833352,-1434.0312800513711
65.08121276847767,0.02316248379230761,0.12228117566879139,0.0,0.09495829171836193,1.0770697220910141,-1410.0178009512915
64.96795014654676,0.023118930499291847,0.1223341943822687,0.0,0.08665437310755118,1.0772976469164648,-1402.8927948440646
64.96795014654676,0.023118930499291847,0.1223341943822687,0.0,0.08665437310755118,1.0772976469164648,-1402.8927948440646
64.96795014654676,0.023118930499291847,0.1223341943822687,0.0,0.08665437310755118,1.0772976469164648,-1402.8927948440646
64.87670635896117,0.023046746811623824,0.12234865109081665,0.0,0.0888036892618729,1.077892842248981,-1393.0542234971228
64.87670635896117,0.023046746811623824,0.12234865109081665,0.0,0.0888036892618729,1.077892842248981,-1393.0542234971228
64.87670635896117,0.023046746811623824,0.12234865109081665,0.0,0.0888036892618729,1.077892842248981,-1393.0542234971228
64.87670635896117,0.023046746811623824,0.12234865109081665,0.0,0.0888036892618729,1.077892842248981,-1393.0542234971228
64.85615342975377,0.02309549693203016,0.12252719072515868,0.0,0.0860293187894299,1.078500823491982,-1383.3978208984652
64.85615342975377,0.02309549693203016,0.12252719072515868,0.0,0.0860293187894299,1.078500823491982,-1383.3978208984652
64.87394728701183,0.023149893182443385,0.12244317100640367,0.0,0.08631866573000936,1.0785669593169962,-1383.33050070042
64.83988239162956,0.023353028477550136,0.12244766142332031,0.0,0.08401189697792351,1.0804978478833687,-1357.4732967026312
64.78808304653384,0.023280731861720624,0.1224985032633443,0.0,0.08374830523181347,1.081563266966846,-1343.3302631203287
64.78808304653384,0.023280731861720624,0.1224985032633443,0.0,0.08374830523181347,1.081563266966846,-1343.3302631203287
64.80270435636942,0.023286269820162138,0.12247069214238517,0.0,0.08123417461813255,1.0825370824417915,-1332.4597008933592
64.80270435636942,0.023286269820162138,0.12247069214238517,0.0,0.08123417461813255,1.0825370824417915,-1332.4597008933592
64.80270435636942,0.023286269820162138,0.12247069214238517,0.0,0.08123417461813255,1.0825370824417915,-1332.4597008933592
64.73268304542917,0.02347357501822035,0.12238941234998532,0.0,0.07664851923982996,1.083525822324183,-1318.1243344331283
64.6282627450365,0.023492300841644356,0.1225437259828878,0.0,0.06851934692357653,1.0835368223970743,-1314.4856454882042
64.75548970436814,0.02327983845200008,0.1226546240974727,0.0,0.0801504409755667,1.0836862018915008,-1316.54501712836
64.76423631082677,0.023209780822112905,0.12268169894722394,0.0,0.08598324131407793,1.0841880625284646,-1311.3008601490208
64.76423631082677,0.023209780822112905,0.12268169894722394,0.0,0.08598324131407793,1.0841880625284646,-1311.3008601490208
64.63353948382814,0.02317742400828172,0.12272386892289494,0.0,0.08345294018720656,1.0850137254755134,-1297.7090566065058
64.69789300967525,0.023118269770127927,0.12263460802418898,0.0,0.08324051378667449,1.0857856524358742,-1291.773250668964
64.69789300967525,0.023118269770127927,0.12263460802418898,0.0,0.08324051378667449,1.0857856524358742,-1291.773250668964
64.69789300967525,0.023118269770127927,0.12263460802418898,0.0,0.08324051378667449,1.0857856524358742,-1291.773250668964
64.69789300967525,0.023118269770127927,0.12263460802418898,0.0,0.08324051378667449,1.0857856524358742,-1291.773250668964
64.54194050260261,0.02303656715462143,0.12256137502622748,0.0,0.09245230900146226,1.0856001360265892,-1290.325855291187
64.49063566733943,0.023032542527990352,0.12246489130025785,0.0,0.08636123074641258,1.0867142292721088,-1276.4682171993654
64.35515561286451,0.02306107776247272,0.12241821115558442,0.0,0.08705468917844318,1.0868123281608502,-1271.401353411898
64.41642199056878,0.022992728449443157,0.12238559665861237,0.0,0.09153216355166499,1.087733990870618,-1263.7539596616293
64.41642199056878,0.022992728449443157,0.12238559665861237,0.0,0.09153216355166499,1.087733990870618,-1263.7539596616293
64.53934133486244,0.023017530008336118,0.1225076436166854,0.0,0.08499995370380221,1.0891620526032582,-1250.5128903395116
64.53934133486244,0.023017530008336118,0.1225076436166854,0.0,0.08499995370380221,1.0891620526032582,-1250.5128903395116
64.53934133486244,0.023017530008336118,0.1225076436166854,0.0,0.08499995370380221,1.0891620526032582,-1250.5128903395116
64.53934133486244,0.023017530008336118,0.1225076436166854,0.0,0.08499995370380221,1.0891620526032582,-1250.5128903395116
64.53934133486244,0.023017530008336118,0.1225076436166854,0.0,0.08499995370380221,1.0891620526032582,-1250.5128903395116
64.57072166278033,0.023011123760280198,0.12240385161462715,0.0,0.08833289879773244,1.089769326630766,-1245.4503616188665
64.57072166278033,0.023011123760280198,0.12240385161462715,0.0,0.08833289879773244,1.089769326630766,-1245.4503616188665
64.45790657252724,0.022989229269961,0.12232331248007298,0.0,0.07655003178878483,1.090322584879825,-1236.7517289922544
64.45790657252724,0.022989229269961,0.12232331248007298,0.0,0.07655003178878483,1.090322584879825,-1236.7517289922544
64.55520551591398,0.022956171702605315,0.12241006127602828,0.0,0.08387235152486276,1.0906213886764657,-1235.9094914015711
64.53621103227302,0.022833566540906396,0.1222086135673023,0.0,0.07952164525304638,1.0910803132728606,-1232.2917177580096
64.1488077603225,0.022866286403775183,0.12219267759574713,0.0,0.08358601549678994,1.09168823412815,-1214.23180196373
64.02030383049106,0.022932795348125784,0.12223032222080635,0.0,0.0864852487211311,1.0922500692276618,-1203.843964999429
64.02030383049106,0.022932795348125784,0.12223032222080635,0.0,0.0864852487211311,1.0922500692276618,-1203.843964999429
63.939844775143555,0.02302870081521165,0.12228323170532557,0.0,0.08462561564831143,1.0920028795540546,-1203.2905678975635
63.939844775143555,0.02302870081521165,0.12228323170532557,0.0,0.08462561564831143,1.0920028795540546,-1203.2905678975635
63.747885221442864,0.023089207475321918,0.12212317706509244,0.0,0.078792029151233,1.0936637539207057,-1180.8980164446177
63.747885221442864,0.023089207475321918,0.12212317706509244,0.0,0.078792029151233,1.0936637539207057,-1180.8980164446177
63.87460656689826,0.023115694743997196,0.12246253227603858,0.0,0.08681730262785699,1.0938766616984348,-1180.264409033764
64.09115053646136,0.02327696997772468,0.12238402582574648,0.0,0.09110278804791841,1.0945500119738114,-1179.0279873012216
64.09115053646136,0.02327696997772468,0.12238402582574648,0.0,0.09110278804791841,1.0945500119738114,-1179.0279873012216
64.07834529378131,0.02327078921702111,0.1222636546961635,0.0,0.10042390750728043,1.0957874781844266,-1167.1780002051485
64.07834529378131,0.02327078921702111,0.1222636546961635,0.0,0.10042390750728043,1.0957874781844266,-1167.1780002051485
64.03842105629275,0.02328315932923672,0.1222833131047789,0.0,0.10874452079664405,1.0976246645678078,-1148.1595776143754
63.914006770073584,0.02332588101054422,0.12243104559702693,0.0,0.11268766759090296,1.097825901573912,-1142.2681670093718
63.914006770073584,0.02332588101054422,0.12243104559702693,0.0,0.11268766759090296,1.097825901573912,-1142.2681670093718
63.914006770073584,0.02332588101054422,0.12243104559702693,0.0,0.11268766759090296,1.097825901573912,-1142.2681670093718
63.914006770073584,0.02332588101054422,0.12243104559702693,0.0,0.11268766759090296,1.097825901573912,-1142.2681670093718
63.914006770073584,0.02332588101054422,0.12243104559702693,0.0,0.11268766759090296,1.097825901573912,-1142.2681670093718
63.914006770073584,0.02332588101054422,0.12243104559702693,0.0,0.11268766759090296,1.097825901573912,-1142.2681670093718
63.8493518997968,0.023231575873734592,0.12241428379405792,0.0,0.11427696138178645,1.0976172444724237,-1143.4625580204897
63.84736067893186,0.023168997070600803,0.12232349076329024,0.0,0.11729660672413461,1.0984809781654792,-1136.0171266197435
64.06030015869176,0.02310064873001546,0.12234592867689005,0.0,0.11657420551992503,1.0992530959813218,-1134.301037015289
64.06030015869176,0.02310064873001546,0.12234592867689005,0.0,0.11657420551992503,1.0992530959813218,-1134.301037015289
64.06030015869176,0.02310064873001546,0.12234592867689005,0.0,0.11657420551992503,1.0992530959813218,-1134.301037015289
63.98806127783078,0.023207887325309755,0.12237852236416465,0.0,0.12497599096169076,1.099282066229914,-1132.946247291836
63.98806127783078,0.023207887325309755,0.12237852236416465,0.0,0.12497599096169076,1.099282066229914,-1132.946247291836
63.98806127783078,0.023207887325309755,0.12237852236416465,0.0,0.12497599096169076,1.099282066229914,-1132.946247291836
63.97859617497335,0.02320601415684736,0.12234885132085474,0.0,0.12600666257683957,1.1005238939318374,-1120.6346997006992
64.0275304997834,0.023132194171988696,0.12232851658638635,0.0,0.12340310059401478,1.101154869841159,-1115.7248746583357
63.896481038316594,0.023045885529963537,0.12218586676049711,0.0,0.12538671600460896,1.101316469245143,-1112.1223070038056
63.896481038316594,0.023045885529963537,0.12218586676049711,0.0,0.12538671600460896,1.101316469245143,-1112.1223070038056
63.896481038316594,0.023045885529963537,0.12218586676049711,0.0,0.12538671600460896,1.101316469245143,-1112.1223070038056
63.806929515248626,0.023281421353559664,0.1220516336042275,0.0,0.1257257103614781,1.1021461426004293,-1101.0610375714173
63.806929515248626,0.023281421353559664,0.1220516336042275,0.0,0.1257257103614781,1.1021461426004293,-1101.0610375714173
63.72504624923944,0.02323048588036249,0.12203596646570941,0.0,0.13130101217001547,1.1015599276957908,-1106.1200300954738
63.740281090607,0.02322152955195606,0.12206670112298854,0.0,0.1350996514629563,1.1022400086347945,-1100.7174413164228
63.915623540996,0.023100132417611576,0.12209724681802131,0.0,0.131234848724698,1.1029367391428209,-1098.2901560817793
63.915623540996,0.023100132417611576,0.12209724681802131,0.0,0.131234848724698,1.1029367391428209,-1098.2901560817793
63.92156532225133,0.02313037846392566,0.12221679314326336,0.0,0.13721039365461637,1.1037581836446,-1091.1586107070161
63.92156532225133,0.02313037846392566,0.12221679314326336,0.0,0.13721039365461637,1.1037581836446,-1091.1586107070161
63.92156532225133,0.02313037846392566,0.12221679314326336,0.0,0.13721039365461637,1.1037581836446,-1091.1586107070161
63.92156532225133,0.02313037846392566,0.12221679314326336,0.0,0.13721039365461637,1.1037581836446,-1091.1586107070161
63.92156532225133,0.02313037846392566,0.12221679314326336,0.0,0.13721039365461637,1.1037581836446,-1091.1586107070161
63.92156532225133,0.02313037846392566,0.12221679314326336,0.0,0.13721039365461637,1.1037581836446,-1091.1586107070161
63.936442248297865,0.023122564984848056,0.12242587203548237,0.0,0.13710115473163448,1.1037105856235692,-1091.0256581852661
63.83186756124494,0.023219974838166707,0.12232166428422069,0.0,0.13799778557209139,1.1041300068804771,-1084.4107058059358
63.86158787905502,0.02344304856259094,0.12229675803901167,0.0,0.1336447406570053,1.103975346300307,-1084.5786427423348
63.8049860322534,0.023635865796785407,0.1222433887530716,0.0,0.13525347740126106,1.104315733304943,-1079.3967106124005
63.93119554122356,0.02367349495652433,0.12218854202293161,0.0,0.1384497205911751,1.1055779509881538,-1071.598387514685
63.93119554122356,0.02367349495652433,0.12218854202293161,0.0,0.1384497205911751,1.1055779509881538,-1071.598387514685
63.792675961953826,0.023507020262572405,0.12212934659925981,0.0,0.14157509425216458,1.1066547763092087,-1059.7552819651432
63.642292985672135,0.02348908497153385,0.1218846992283708,0.0,0.136909174563969,1.1067085060925994,-1055.377923335891
63.642292985672135,0.02348908497153385,0.1218846992283708,0.0,0.136909174563969,1.1067085060925994,-1055.377923335891
63.642292985672135,0.02348908497153385,0.1218846992283708,0.0,0.136909174563969,1.1067085060925994,-1055.377923335891
63.58332167630252,0.02363676262562218,0.1219256104620389,0.0,0.12945339160718106,1.1076099005729056,-1042.877173202672
63.676838774793666,0.023678983775563395,0.12196680933642322,0.0,0.12886362232404228,1.1080330196553236,-1040.8617137123395
63.676838774793666,0.023678983775563395,0.12196680933642322,0.0,0.12886362232404228,1.1080330196553236,-1040.8617137123395
63.522959061914825,0.023338423339379293,0.12201997394817835,0.0,0.13102336859849073,1.108248817584221,-1036.913877602921
63.522959061914825,0.023338423339379293,0.12201997394817835,0.0,0.13102336859849073,1.108248817584221,-1036.913877602921
63.47993073642318,0.023375209461844022,0.12204227572191943,0.0,0.12993517659405282,1.1084784391031048,-1033.18118709207
63.68569532584159,0.023562291641176538,0.121917094847605,0.0,0.1420463108812143,1.109204451314493,-1034.1903189314173
63.60822000991397,0.023558531969341462,0.1221254115150775,0.0,0.1415219375877479,1.109037715345937,-1032.7085279608875
63.60822000991397,0.023558531969341462,0.1221254115150775,0.0,0.1415219375877479,1.109037715345937,-1032.7085279608875
63.394795633942934,0.023442345005515716,0.12208478579759113,0.0,0.15193753562408022,1.1088399201829324,-1032.5380467650718
63.09989899328736,0.02354260116773148,0.1221444709764253,0.0,0.14323942035109546,1.1088385852497555,-1021.9603317008068
63.09989899328736,0.02354260116773148,0.1221444709764253,0.0,0.14323942035109546,1.1088385852497555,-1021.9603317008068
63.285576982477345,0.023578613061872065,0.1221313935325247,0.0,0.13479459484123063,1.1095977583270498,-1017.7112718447036
63.26501246411163,0.02339023841910746,0.12218301733757132,0.0,0.1330497046227288,1.1099527373320546,-1014.3606444166053
63.26501246411163,0.02339023841910746,0.12218301733757132,0.0,0.1330497046227288,1.1099527373320546,-1014.3606444166053
63.26501246411163,0.02339023841910746,0.12218301733757132,0.0,0.1330497046227288,1.1099527373320546,-1014.3606444166053
63.26501246411163,0.02339023841910746,0.12218301733757132,0.0,0.1330497046227288,1.1099527373320546,-1014.3606444166053
63.15890349405075,0.023260441016618446,0.12216702584332997,0.0,0.13061468465248594,1.1105665911816283,-1006.4065690752882
63.23898155175922,0.023444983187659245,0.12223073153633895,0.0,0.13661265615171475,1.1115209513990585,-999.9984813432861
63.23898155175922,0.023444983187659245,0.12223073153633895,0.0,0.13661265615171475,1.1115209513990585,-999.9984813432861
63.23898155175922,0.023444983187659245,0.12223073153633895,0.0,0.13661265615171475,1.1115209513990585,-999.9984813432861
63.35236260684179,0.02377613877382607,0.12216560366764967,0.0,0.12844551828433276,1.113260296487233,-984.4723759725453
63.35236260684179,0.02377613877382607,0.12216560366764967,0.0,0.12844551828433276,1.113260296487233,-984.4723759725453
63.45717912730463,0.023603959878396277,0.1220275813148469,0.0,0.1250855752606773,1.1139155662656988,-982.1262007525988
63.57477943436411,0.023476487979789868,0.12195808058308086,0.0,0.13267246840711674,1.1153904618408323,-974.6637053723559
63.5054750935915,0.023523448215400863,0.12192615669929982,0.0,0.1305285116691946,1.115659286322352,-970.1340161505851
63.5054750935915,0.023523448215400863,0.12192615669929982,0.0,0.1305285116691946,1.115659286322352,-970.1340161505851
63.5054750935915,0.023523448215400863,0.12192615669929982,0.0,0.1305285116691946,1.115659286322352,-970.1340161505851
63.482496921048494,0.023519034402245467,0.12203628455697359,0.0,0.13146719068343873,1.1172127520427928,-956.1463634775544
63.55601170251911,0.02323146242458897,0.12192067399667815,0.0,0.13016229374691493,1.1193571465880212,-941.4862244514401
63.55601170251911,0.02323146242458897,0.12192067399667815,0.0,0.13016229374691493,1.1193571465880212,-941.4862244514401
63.50484290239344,0.023412688708442892,0.1220221916728512,0.0,0.1280784867604869,1.1195481175516107,-937.0401559706821
63.50484290239344,0.023412688708442892,0.1220221916728512,0.0,0.1280784867604869,1.1195481175516107,-937.0401559706821
63.27654850118106,0.02343872783310812,0.12200369209940101,0.0,0.12350599639570795,1.1215189544460857,-914.751678384915
63.27654850118106,0.02343872783310812,0.12200369209940101,0.0,0.12350599639570795,1.1215189544460857,-914.751678384915
63.27654850118106,0.02343872783310812,0.12200369209940101,0.0,0.12350599639570795,1.1215189544460857,-914.751678384915
63.27654850118106,0.02343872783310812,0.12200369209940101,0.0,0.12350599639570795,1.1215189544460857,-914.751678384915
63.37001006257465,0.023384902026402213,0.12186384411537679,0.0,0.12806422112316188,1.1237609054722126,-900.5082934155863
63.37001006257465,0.023384902026402213,0.12186384411537679,0.0,0.12806422112316188,1.1237609054722126,-900.5082934155863
63.2893228414207,0.023462824494288707,0.12181950356676352,0.0,0.1302762861436878,1.123934358202614,-897.5117034116034
63.2893228414207,0.023462824494288707,0.12181950356676352,0.0,0.1302762861436878,1.123934358202614,-897.5117034116034
63.325027112150195,0.02335269834139249,0.1217672698767427,0.0,0.1286919905569943,1.1245688222759853,-893.7100085139054
63.325027112150195,0.02335269834139249,0.1217672698767427,0.0,0.1286919905569943,1.1245688222759853,-893.7100085139054
63.325027112150195,0.02335269834139249,0.1217672698767427,0.0,0.1286919905569943,1.1245688222759853,-893.7100085139054
63.34723108759321,0.023271245343811368,0.12181793370703477,0.0,0.13955198354914564,1.1248997457976981,-893.7676606072931
